Proportion,agegroup
0.249455523,1
0.189019243,2
0.162446873,3
0.141676585,4
0.115171877,5
0.082607352,6
0.04332616,7
0.014992082,8
0.001302361,9